<?xml version="1.0" encoding="UTF-8"?>
<project-private xmlns="http://www.netbeans.org/ns/project-private/1">
    <editor-bookmarks xmlns="http://www.netbeans.org/ns/editor-bookmarks/2" lastBookmarkId="0"/>
    <open-files xmlns="http://www.netbeans.org/ns/projectui-open-files/2">
        <group>
            <file>file:/home/regis/NetBeansProjects/Library/src/Library/Model/Client.java</file>
            <file>file:/home/regis/NetBeansProjects/Library/src/Library/Model/BookCategory.java</file>
            <file>file:/home/regis/NetBeansProjects/Library/src/Library/Model/Operation.java</file>
            <file>file:/home/regis/NetBeansProjects/Library/src/Excels/ImportBooks.java</file>
            <file>file:/home/regis/NetBeansProjects/Library/src/Library/Model/Book.java</file>
            <file>file:/home/regis/NetBeansProjects/Library/src/Library/Model/CheckInOutC.java</file>
            <file>file:/home/regis/NetBeansProjects/Library/src/Library/Model/ClientCategory.java</file>
        </group>
    </open-files>
</project-private>
